INSERT INTO warehouse_address (id, warehouse_address, detail_address, warehouse_postal_code, warehouse_place)
VALUES (1, '부산광역시 강서구 녹산산업중로 333', '부품 물류센터 A동', '46758', '녹산동'),  -- 공업 지역
       (2, '부산광역시 사상구 사상로 456', '자동차 부품공장 2층', '46915', '삼락동'),   -- 공업 지역
       (3, '부산광역시 남구 신선로 123', '도장공장 3층', '48517', '문현동'),         -- 공장 지역
       (4, '부산광역시 금정구 금사로 54', '정밀 가공공장 B동', '46305', '금사동'),    -- 공업 단지
       (5, '부산광역시 기장군 정관산단 7로 89', '예비 부품 창고 1층', '46001', '정관읍'), -- 산업단지
       (6, '부산광역시 강서구 미음산단2로 77', '품질 검사 공장 1층', '46756', '미음동'), -- 산업단지
       (7, '부산광역시 서구 암남로 25', '출하 창고 5층', '49201', '암남동'),          -- 항구 지역 물류 창고
       (8, '부산광역시 중구 중부대로 55', '입고 창고 3층', '48945', '중앙동'),        -- 도심 입고 창고
       (9, '부산광역시 강서구 신호산단4로 99', '열처리 공장 4층', '46759', '신호동'),  -- 산업단지
       (10, '부산광역시 북구 금곡대로 222', '주조 공장 1층', '46530', '덕천동'),      -- 공장 밀집 지역
       (11, '부산광역시 부산진구 전포대로 701', '반품 창고 2층', '47300', '전포동'),   -- 도심 창고
       (12, '부산광역시 동래구 충렬대로 599', '절단 공장 1층', '47810', '온천동'),    -- 공장 지역
       (13, '부산광역시 사상구 학감대로 101', '중앙 물류 창고', '46911', '학장동'),   -- 물류 센터 지역
       (14, '부산광역시 영도구 태종로 77', '폐기물 처리 창고', '49018', '남항동'),     -- 항구 주변 창고
       (15, '부산광역시 해운대구 우동 산단로 3', '압출 성형 공장 2층', '48058', '우동'); -- 해운대 산업단지


INSERT INTO hierarchy_group (id, parent_group_id, hierarchy_group_code, hierarchy_group_name)
VALUES (1,  null, 'ROOT', 'ROOT'),
       (2,  1, 'LOG001', '물류 본부'),
       (3,  1, 'PROD001', '생산 본부'),
       (4,  1, 'QA001', '품질 본부'),
       (5,  2, 'INV001', '재고 관리팀'),
       (6,  2, 'DLV001', '배송 관리팀'),
       (7,  3, 'PRC001', '공정 관리팀'),
       (8,  3, 'MAT001', '자재 관리팀'),
       (9,  7, 'ENG001', '기계 공정팀'),
       (10, 7, 'ELE001', '전자 공정팀'),
       (11, 5, 'STK001', '재고 실사팀'),
       (12, 5, 'WHM001', '창고 관리팀'),
       (13, 6, 'TSP001', '운송 계획팀'),
       (14, 6, 'DLY001', '배송 일정팀'),
       (15, 4, 'QCI001', '품질 검사팀'),
       (16, 4, 'QAV001', '품질 보증팀'),
       (17, 8, 'MATPROC001', '자재 조달팀'),
       (18, 8, 'MATSTG001', '자재 적재팀');


INSERT INTO warehouse (id, warehouse_address_id, process_detail_id, warehouse_code, warehouse_type, name, is_active)
VALUES (1,  1, null, 'WH001', 'WAREHOUSE', '부품 재고창고', TRUE),  -- 조립 공정 관련
       (2,  2, 2, 'WH002', 'FACTORY', '자동차 생산 공장', TRUE), -- 용접 공정 관련
       (3,  3, 3, 'WH003', 'FACTORY', '생산 관리 센터', FALSE), -- 도장 공정 관련
       (4,  4, 4, 'WH004', 'FACTORY', '정밀 가공 공장', TRUE), -- 가공 공정 관련
       (5,  5, null, 'WH005', 'WAREHOUSE', '부품 예비 창고', TRUE),
       (6,  6, 6, 'WH006', 'FACTORY', '품질 검사 공장', TRUE), -- 품질 검사 공정 관련
       (7,  7, null, 'WH007', 'WAREHOUSE', '출하창고', TRUE),  -- 프레스 공정 관련
       (8,  8, null, 'WH008', 'WAREHOUSE', '입고창고', TRUE),
       (9,  9, 5, 'WH009', 'FACTORY', '금형 제작 공장', TRUE), -- 열처리 공정 관련
       (10,  10, 10, 'WH010', 'FACTORY', '금속 가공 본부', TRUE), -- 주조 공정 관련
       (11,  11, null, 'WH011', 'WAREHOUSE', '반품창고', TRUE),
       (12,  12, 12, 'WH012', 'FACTORY', '기계 가공 작업장', TRUE), -- 절단 공정 관련
       (13,  13, null, 'WH013', 'WAREHOUSE', '중앙 창고', TRUE),
       (14,  14, null, 'WH014', 'WAREHOUSE', '폐기물 처리 창고', TRUE),
       (15,  15, 18, 'WH015', 'FACTORY', '고속 조립 작업소', TRUE), -- 압출 성형 공정 관련
       (16,  1, 8, 'WH016', 'FACTORY', '복합 처리 및 조립소장', TRUE), -- 단조 공정 관련
       (17,  1, null, 'WH017', 'WAREHOUSE', '임시 저장 창고', TRUE),
       (18,  2, 20, 'WH018', 'FACTORY', '초정밀 생산 공장', TRUE), -- 경화 공정 관련
       (19,  3, 14, 'WH019', 'FACTORY', 'CNC 가공 공장', TRUE), -- CNC 가공 공정 관련
       (20,  4, null, 'WH020', 'WAREHOUSE', '긴급 예비 창고', TRUE);



INSERT INTO warehouse_hierarchy_group (id, warehouse_id, hierarchy_group_id)
VALUES (1, 1, 2),
       (2, 2, 3),
       (3, 3, 4),
       (4, 4, 5),
       (5, 1, 6),
       (6, 5, 7),
       (7, 2, 8),
       (8, 6, 9),
       (9, 7, 10),
       (10, 3, 11),
       (11, 10, 12),
       (12, 15, 13);
#
#
INSERT INTO warehouse_location (id, warehouse_id, location_name, active)
VALUES (1, 1, 'A-01', true),
       (2, 1, 'A-02', true),
       (3, 1, 'A-03', true),
       (4, 1, 'B-01', true),
       (5, 2, 'C-01', true),
       (6, 2, 'C-02', true),
       (7, 2, 'D-01', true),
       (8, 3, 'P-01', true),
       (9, 3, 'P-02', true),
       (10, 3, 'P-03', true),
       (11, 3, 'Q-01', true),
       (12, 4, 'M-01', true),
       (13, 4, 'M-02', true),
       (14, 6, 'Q-02', true),
       (15, 6, 'Q-03', true),
       (16, 7, 'S-01', true),
       (17, 7, 'S-02', true),
       (18, 8, 'R-01', true),
       (19, 8, 'R-02', true),
       (20, 9, 'T-01', true),
       (21, 10, 'T-02', true),
       (22, 5, 'B-02', true),
       (23, 5, 'B-03', true),
       (24, 5, 'C-03', true),
       (25, 6, 'Q-04', true),
       (26, 6, 'Q-05', true),
       (27, 7, 'S-03', true),
       (28, 7, 'S-04', true),
       (29, 8, 'R-03', true),
       (30, 8, 'R-04', true),
       (31, 9, 'T-03', true),
       (32, 9, 'T-04', true),
       (33, 10, 'U-01', true),
       (34, 10, 'U-02', true),
       (35, 12, 'X-01', true),
       (36, 12, 'X-02', true),
       (37, 15, 'Z-01', true),
       (38, 15, 'Z-02', true),
       (39, 16, 'F-01', true),
       (40, 16, 'F-02', true),
       (41, 18, 'H-01', true),
       (42, 18, 'H-02', true);
#
#
INSERT INTO warehouse_transfer (id, employee_id, sending_warehouse_id, receiving_warehouse_id, transfer_date, transfer_number, comment, status)
VALUES (1, 1, 1, 2, '2024-09-10', 1, null, '미확인'),
       (2, 2, 5, 7, '2024-09-10', 2, null, '확인'),
       (3, 3, 6, 7, '2024-09-10', 3, null, '미확인'),
       (4, 4, 8, 7, '2024-09-10', 4, null, '확인'),
       (5, 5, 1, 2, '2024-09-10', 5, null, '확인'),
       (6, 6, 5, 7, '2024-09-10', 6, null, '미확인'),
       (7, 7, 6, 7, '2024-09-10', 7, null, '미확인'),
       (8, 1, 8, 7, '2024-09-10', 8, null, '확인');
#
INSERT INTO warehouse_transfer_product (id, warehouse_transfer_id, product_id, quantity, comment)
VALUES (1,  1, 15, 100, null),
       (2,  2, 35, 10, null),
       (3,  3, 13, 1, null),
       (4,  4, 5, 200, null),
       (5,  5, 11, 300, null),
       (6,  6, 2, 150, null),
       (7,  7, 7, 75, null),
       (8,  8, 9, 500, null),
       (9,  1, 21, 400, null),
       (10, 2, 3, 600, null),
       (11, 3, 3, 350, null),
       (12, 4, 10, 150, '와이퍼 블레이드 대량 주문 이송'),
       (13, 5, 10, 200, null),
       (14, 6, 2, 50, '브레이크 패드 부족분 충원'),
       (15, 7, 2, 30, null),
       (16, 8, 14, 100, null),
       (17, 1, 14, 50, '오일 펌프 긴급 이송');
#
#
#
INSERT INTO inventory (id, warehouse_location_id, inventory_number, quantity, standard, product_id, warehouse_id)
VALUES (1, 1, 0000000001, 3000, '200mm', 1, 1), -- 엔진 오일 필터
       (2, 2, 0000000002, 4000, '200mm', 1, 1), -- 엔진 오일 필터
       (3, 3, 0000000003, 5000, '300mm', 2, 1), -- 브레이크 패드
       (4, 4, 0000000004, 6000, '150mm', 3, 1), -- 연료 필터
       (5, 1, 0000000005, 9000, '100mm', 4, 1), -- 점화 플러그
       (6, 5, 0000000006, 8000, '250mm', 5, 2), -- 에어 필터
       (7, 6, 0000000007, 1200, '1대', 6, 2), -- 알터네이터
       (8, 7, 0000000008, 1500, '1개', 7, 2), -- 서스펜션 스프링
       (9, 8, 0000000009, 5000, 'M사이즈', 8, 3), -- 배기 머플러
       (10, 9, 0000000010, 2400, '1개', 9, 3), -- 디스크 로터
       (11, 10, 0000000011, 3100, '1개', 10, 3), -- 와이퍼 블레이드
       (12, 12, 0000000012, 2000, '1개', 11, 4), -- 라디에이터 캡
       (13, 13, 0000000013, 1500, '180mm', 12, 4), -- 클러치 디스크
       (14, 13, 0000000014, 2200, '1.2m', 13, 4), -- 타이밍 벨트
       (15, 14, 0000000015, 3000, '600ml', 14, 6), -- 오일 펌프
       (16, 15, 0000000016, 1200, '1세트', 15, 6), -- 브레이크 캘리퍼
       (17, 15, 0000000017, 2000, '220mm', 16, 6), -- 브레이크 디스크
       (18, 16, 0000000018, 2500, '300mm', 17, 7), -- ABS 모듈
       (19, 17, 0000000019, 1500, '350mm', 18, 7), -- 냉각 팬
       (20, 17, 0000000020, 3200, '150mm', 19, 7), -- 연료 펌프
       (21, 18, 0000000021, 1800, '1개', 20, 8), -- 점화 코일
       (22, 19, 0000000022, 4200, '2m', 21, 8), -- 배터리 케이블
       (23, 20, 0000000023, 6000, '1개', 22, 9), -- 터보차저
       (24, 21, 0000000024, 5500, '1개', 23, 9), -- 배기 가스 센서
       (25, 22, 0000000025, 3500, '90mm', 24, 10), -- 서모스탯
       (26, 23, 0000000026, 4500, '250mm', 25, 10), -- 핸들 조인트
       (27, 24, 0000000027, 2000, '1.5m', 26, 12), -- 연료 레일
       (28, 25, 0000000028, 3200, '400mm', 27, 12), -- 변속기 오일 팬
       (29, 26, 0000000029, 6000, '1개', 28, 15), -- 스티어링 휠
       (30, 27, 0000000030, 9000, '200mm', 29, 15), -- 워터 펌프
       (31, 28, 0000000031, 8500, '1개', 30, 16), -- 라디에이터 호스
       (32, 29, 0000000032, 4200, '2m', 31, 16), -- 브레이크 라인
       (33, 30, 0000000033, 3000, '1개', 32, 18), -- 에어컨 압축기
       (34, 31, 0000000034, 7200, '1개', 33, 18), -- 스태빌라이저 링크
       (35, 32, 0000000035, 1800, '1개', 34, 18); -- 퓨즈 박스

INSERT INTO inventory_inspection (id, employee_id, warehouse_id, inspection_date, inspection_number, status, comment)
VALUES (1, 1, 1, '2024-09-12', 1, '미조정', '2024년 9월 12일 정기 재고 실사'),
       (2, 2, 1, '2024-08-12', 1, '미조정', '2024년 8월 12일 정기 재고 실사'),
       (3, 3, 1, '2024-07-12', 1, '미조정', '2024년 7월 12일 정기 재고 실사'),
       (4, 4, 1, '2024-10-12', 1, '미조정', '2024년 10월 12일 추가 재고 실사'),
       (5, 5, 1, '2024-10-03', 1, '미조정', '2024년 10월 3일 정기 재고 실사'),
       (6, 6, 1, '2024-10-04', 1, '미조정', '2024년 10월 4일 추가 재고 실사'),
       (7, 7, 1, '2024-10-07', 1, '미조정', '2024년 10월 7일 정기 재고 실사'),
       (8, 1, 2, '2024-10-15', 1, '미조정', '2024년 10월 15일 1차 재고 실사 실시'),
       (9, 2, 2, '2024-10-15', 2, '미조정', '2024년 10월 15일 2차 재고 실사 실시'),
       (10, 3, 3, '2024-10-16', 1, '미조정', '2024년 10월 16일 정기 재고 실사 실시'),
       (11, 4, 3, '2024-10-17', 1, '미조정', '2024년 10월 17일 정기 재고 실사 실시'),
       (12, 5, 4, '2024-10-18', 1, '미조정', '2024년 10월 18일 1차 재고 실사 실시'),
       (13, 6, 4, '2024-10-18', 2, '미조정', '2024년 10월 18일 2차 재고 실사 실시'),
       (14, 7, 5, '2024-10-19', 1, '미조정', '2024년 10월 19일 정기 재고 실사 실시');

INSERT INTO inventory_inspection_detail (id, inventory_id, inventory_inspection_id, product_id, warehouse_location_id, product_code, product_name, actual_quantity, comment)
VALUES (1, 1, 1, 1, 1, 'B0016', '엔진 오일 필터', 25, '정확하게 확인됨'),
       (2, 2, 1, 1, 2, 'B0016', '엔진 오일 필터', 45, '재고 초과 확인됨'),
       (3, 3, 1, 2, 3, 'B0017', '브레이크 패드', 55, '재고 부족 발생'),
       (4, 4, 2, 3, 4, 'B0018', '연료 필터', 60, '정확하게 확인됨'),
       (5, 5, 3, 4, 1, 'B0019', '점화 플러그', 80, '정확하게 확인됨'),
       (6, 6, 4, 5, 1, 'B0020', '에어 필터', 75, '재고 부족 확인됨'),
       (7, 7, 4, 5, 1, 'B0021', '알터네이터', 90, '정확하게 확인됨'),
       (8, 8, 5, 6, 2, 'B0022', '서스펜션 스프링', 95, '재고 초과 확인됨'),
       (9, 9, 6, 6, 1, 'B0023', '배기 머플러', 85, '일치'),
       (10, 10, 7, 6, 1, 'B0024', '디스크 로터', 65, '부족 발생'),
       (11, 6, 8, 5, 5, 'B0017', '브레이크 패드', 75, '재고 초과 확인됨'),
       (12, 7, 8, 6, 6, 'B0021', '알터네이터', 115, '정확하게 확인됨'),
       (13, 8, 9, 7, 7, 'B0022', '서스펜션 스프링', 140, '수량 부족'),
       (14, 9, 10, 8, 8, 'B0023', '배기 머플러', 510, '정확하게 확인됨'),
       (15, 10, 10, 9, 9, 'B0024', '디스크 로터', 245, '재고 초과 확인됨'),
       (16, 11, 11, 10, 10, 'B0025', '와이퍼 블레이드', 320, '정확하게 확인됨'),
       (17, 12, 12, 11, 12, 'B0026', '라디에이터 캡', 310, '수량 부족 확인됨'),
       (18, 13, 12, 12, 13, 'B0027', '클러치 디스크', 140, '정확하게 확인됨'),
       (19, 14, 13, 13, 14, 'B0028', '타이밍 벨트', 230, '재고 초과 확인됨'),
       (20, 15, 13, 14, 15, 'B0029', '오일 펌프', 100, '정확하게 확인됨'),
       (21, 16, 14, 15, 16, 'B0030', '브레이크 캘리퍼', 280, '정확하게 확인됨'),
       (22, 17, 14, 16, 17, 'B0031', '브레이크 디스크', 200, '재고 초과 확인됨');

-- Shipment Data (출하 데이터 수정)
INSERT INTO shipment (id, warehouse_id, employee_id, client_id,client_name, shipment_date, shipment_number, comment)
VALUES (1, 1, 1, 1, '홍길동 상사', '2024-10-02', 1, '부품 재고창고에서 출하'),
       (2, 2, 2, 2, '김철수 상사', '2024-10-01', 1, '자동차 생산 공장에서 출하'),
       (3, 3, 3, 3, '이영희 상사', '2024-09-27', 1, '도장 공장에서 출하'),
       (4, 4, 4, 4, '박민수 상사', '2024-09-26', 1, '정밀 가공 공장에서 출하'),
       (5, 5, 5, 5, '최지우 상사', '2024-09-24', 1, '부품 예비 창고에서 출하'),
       (6, 6, 1, 6, '정수진 상사', '2024-09-23', 1, '품질 검사 공장에서 출하'),
       (7, 7, 2, 7, '오세훈 상사', '2024-09-21', 1, '출하창고에서 출하'),
       (8, 8, 3, 8, '한지민 상사', '2024-09-20', 1, '입고창고에서 출하'),
       (9, 9, 4, 9, '서준호 상사', '2024-09-19', 1, '열처리 공장에서 출하'),
       (10, 10, 5, 10, '정민아 상사', '2024-09-15', 1, '주조 공장에서 출하'),
       (11, 11, 1, 11, '김하늘 상사', '2024-09-14', 1, '반품창고에서 출하'),
       (12, 16, 1, 11, '김하늘 상사', '2024-09-11', 1, '단조 공장에서 출하'),
       (13, 12, 3, 4, '박민수 상사', '2024-09-10', 1, '절단 공장에서 출하'),
       (14, 13, 4, 5, '최지우 상사', '2024-09-09', 1, '중앙 창고에서 출하'),
       (15, 14, 5, 6, '정수진 상사', '2024-09-08', 1, '폐기물 처리 창고에서 출하'),
       (16, 15, 1, 7, '오세훈 상사', '2024-09-07', 1, '압출 성형 공장에서 출하'),
       (17, 16, 2, 8, '한지민 상사', '2024-09-06', 1, '단조 공장에서 출하'),
       (18, 17, 3, 9, '서준호 상사', '2024-09-05', 1, '임시 저장 창고에서 출하'),
       (19, 18, 4, 10,'정민아 상사' , '2024-09-04', 1, '경화 공장에서 출하'),
       (20, 19, 5, 11, '김하늘 상사', '2024-09-03', 1, 'CNC 가공 공장에서 출하');


-- Shipment Product Data (출하 제품 데이터 수정)
INSERT INTO shipment_product (id, comment, product_code, product_name, quantity, standard, unit, product_id, shipment_id)
VALUES (1, '정상 출하', 'B0016', '엔진 오일 필터', 120, '200mm', 'EA', 1, 1),
       (2, '정상 출하', 'B0017', '브레이크 패드', 80, '300mm', 'EA', 2, 1),
       (3, '정상 출하', 'B0018', '연료 필터', 150, '150mm', 'EA', 3, 1),
       (4, '정상 출하', 'B0019', '점화 플러그', 200, '100mm', 'SET', 4, 2),
       (5, '정상 출하', 'B0020', '에어 필터', 130, '250mm', 'EA', 5, 2),
       (6, '정상 출하', 'B0021', '알터네이터', 70, '1대', 'SET', 6, 3),
       (7, '정상 출하', 'B0022', '서스펜션 스프링', 90, '1개', 'SET', 7, 3),
       (8, '정상 출하', 'B0023', '배기 머플러', 110, 'M사이즈', 'EA', 8, 4),
       (9, '정상 출하', 'B0024', '디스크 로터', 120, '1개', 'EA', 9, 4),
       (10, '정상 출하', 'B0025', '와이퍼 블레이드', 100, '1개', 'EA', 10, 5),
       (11, '정상 출하', 'B0026', '라디에이터 캡', 150, '1개', 'EA', 11, 6),
       (12, '정상 출하', 'B0027', '클러치 디스크', 80, '180mm', 'EA', 12, 7),
       (13, '정상 출하', 'B0028', '타이밍 벨트', 200, '1.2m', 'EA', 13, 8),
       (14, '정상 출하', 'B0029', '오일 펌프', 180, '600ml', 'BOTTLE', 14, 9),
       (15, '정상 출하', 'B0030', '브레이크 캘리퍼', 130, '1세트', 'SET', 15, 10),
       (16, '정상 출하', 'B0031', '브레이크 디스크', 160, '220mm', 'EA', 16, 11),
       (17, '정상 출하', 'B0032', 'ABS 모듈', 90, '300mm', 'EA', 17, 12),
       (18, '정상 출하', 'B0033', '냉각 팬', 140, '350mm', 'EA', 18, 13),
       (19, '정상 출하', 'B0034', '연료 펌프', 100, '150mm', 'EA', 19, 13),
       (20, '정상 출하', 'B0035', '점화 코일', 90, '120mm', 'EA', 20, 14),
       (21, '정상 출하', 'B0036', '발전기 벨트', 130, '2m', 'EA', 21, 14),
       (22, '정상 출하', 'B0037', '쇼크 업소버', 180, '1개', 'SET', 22, 15),
       (23, '정상 출하', 'B0038', '배터리 케이블', 160, '3m', 'EA', 23, 15),
       (24, '정상 출하', 'B0039', '터보차저', 200, '1개', 'EA', 24, 16),
       (25, '정상 출하', 'B0040', '배기 가스 센서', 120, '1개', 'EA', 25, 16),
       (26, '정상 출하', 'B0041', '서모스탯', 150, '90mm', 'EA', 26, 17),
       (27, '정상 출하', 'B0042', '핸들 조인트', 170, '250mm', 'EA', 27, 17),
       (28, '정상 출하', 'B0043', '연료 레일', 110, '1.5m', 'EA', 28, 18),
       (29, '정상 출하', 'B0044', '변속기 오일 팬', 140, '400mm', 'EA', 29, 18),
       (30, '정상 출하', 'B0045', '스티어링 휠', 80, '1개', 'SET', 30, 19),
       (31, '정상 출하', 'B0046', '워터 펌프', 90, '200mm', 'EA', 31, 19),
       (32, '정상 출하', 'B0047', '라디에이터 호스', 160, '1m', 'EA', 32, 20),
       (33, '정상 출하', 'B0048', '브레이크 라인', 140, '2m', 'EA', 33, 20);

# INSERT INTO warehouse_address (id, warehouse_address, detail_address, warehouse_postal_code, warehouse_place)
# VALUES (1,'부산광역시 해운대구 센텀서로 30', '센텀그린타워 5층', '48058', '센텀동'),
#        (2,'부산광역시 동구 중앙대로 210', '유림빌딩 4층', '48814', '초량동'),
#        (3,'부산광역시 남구 유엔평화로 76', '부산경상대학교 3층', '48538', '대연동'),
#        (4,'부산광역시 북구 금곡대로 227', '덕천프라자 2층', '46532', '덕천동'),
#        (5,'부산광역시 사하구 다대로 297', '부산테크노파크 1층', '49307', '다대동'),
#        (6,'부산광역시 연제구 월드컵대로 344', '연산빌딩 7층', '47503', '연산동'),
#        (7,'부산광역시 서구 구덕로 225', '서부산빌딩 10층', '49202', '암남동'),
#        (8,'부산광역시 중구 중앙대로 68', '부산중앙우체국 1층', '48946', '광복동'),
#        (9,'부산광역시 금정구 금강로 247', '금정프라자 8층', '46282', '장전동'),
#        (10,'부산광역시 동래구 충렬대로 112', '동래코아 12층', '47818', '명륜동'),
#        (11,'부산광역시 부산진구 가야대로 721', '가야빌딩 3층', '47206', '가야동'),
#        (12,'부산광역시 사상구 학감대로 217', '사상테크노밸리 5층', '46901', '학장동'),
#        (13,'부산광역시 강서구 명지오션시티5로 19', '명지프라자 2층', '46774', '명지동'),
#        (14,'부산광역시 기장군 기장읍 차성로 35', '기장타워 4층', '46012', '기장읍'),
#        (15,'부산광역시 영도구 절영로 50', '영도빌딩 7층', '49019', '대교동');
#
# INSERT INTO hierarchy_group (id, parent_group_id, hierarchy_group_code, hierarchy_group_name)
# VALUES (1,  null,'root', 'root'),
#        (2,  1,'HG002', '그룹 B'),
#        (3,  1,'HG003', '그룹 C'),
#        (4,  null,'root1', 'root'),
#        (5,  4,'HG005', '그룹 E'),
#        (6,  4,'HG006', '그룹 F'),
#        (7,  2,'HG007', '그룹 G'),
#        (8,  2,'HG008', '그룹 H'),
#        (9,  7,'HG009', '그룹 I');

# INSERT INTO warehouse (id, warehouse_address_id, process_detail_id, warehouse_code, warehouse_type, name, is_active)
# VALUES (1,  1, null,'WH001', 'WAREHOUSE', '재고창고', TRUE),
#        (2,  2, 1,'WH002', 'FACTORY', '생산공장', FALSE),
#        (3,  3, 2,'WH003', 'FACTORY', '과일창고', FALSE),
#        (4,  4, 3,'WH004', 'FACTORY', '부품공장', TRUE),
#        (5,  5, null,'WH005', 'WAREHOUSE', '부품공장', TRUE),
#        (6,  6, null,'WH006', 'WAREHOUSE', '식품저장', TRUE),
#        (7,  7, null,'WH007', 'WAREHOUSE', '출하창고', TRUE),
#        (8,  8, null,'WH008', 'WAREHOUSE', '입고창고', TRUE),
#        (9,  9, null,'WH009', 'WAREHOUSE', '지혁창고', TRUE),
#        (10,  10, null,'WH010', 'WAREHOUSE', '부품저장창고', TRUE),
#        (11,  11, null,'WH011', 'WAREHOUSE', '반품창고', TRUE),
#        (12,  12, null,'WH012', 'WAREHOUSE', '창고2', TRUE),
#        (13,  13, null,'WH013', 'WAREHOUSE', '창고3', TRUE),
#        (14,  14, null,'WH014', 'WAREHOUSE', '창고4', TRUE),
#        (15,  15, null,'WH015', 'WAREHOUSE', '창고5', TRUE),
#        (16,  1, null,'testWarehouse', 'WAREHOUSE', 'testWarehouse', TRUE),
#        (17,  1, null,'testWarehouse2', 'WAREHOUSE', 'testWarehouse2', TRUE);
#
# INSERT INTO warehouse_hierarchy_group (id, warehouse_id, hierarchy_group_id)
# VALUES (1, 1, 2),
#        (2, 2, 2),
#        (3, 3, 2),
#        (4, 1, 4),
#        (5, 2, 5),
#        (6, 2, 6),
#        (7, 1, 7),
#        (8, 2, 8),
#        (9, 1, 9);

# INSERT INTO warehouse_location (id, warehouse_id, location_name, active)
# VALUES (1, 1, 'A1', true),
#        (2, 1, 'A2', true),
#        (3, 1, 'A3', true),
#        (4, 1, 'A4', true),
#        (5, 3, 'A5', true),
#        (6, 3, 'A6', true),
#        (7, 3, 'A7', true),
#        (8, 3, 'A8', true);

# INSERT INTO warehouse_transfer (id, employee_id, sending_warehouse_id, receiving_warehouse_id, transfer_date, transfer_number, comment, status)
# VALUES (1, 1, 1, 2, '2024-09-10', '1', null, '미확인'),
#        (2, 1, 5, 7, '2024-09-10', '2', null, '확인'),
#        (3, 1, 6, 7, '2024-09-10', '3', null, '미확인'),
#        (4, 1, 8, 7, '2024-09-10', '4', null, '확인'),
#        (5, 2, 1, 2, '2024-09-10', '5', null, '확인'),
#        (6, 2, 5, 7, '2024-09-10', '6', null, '미확인'),
#        (7, 2, 6, 7, '2024-09-10', '7', null, '미확인'),
#        (8, 2, 8, 7, '2024-09-10', '8', null, '확인');

# INSERT INTO warehouse_transfer_product (id, warehouse_transfer_id, product_id, quantity, comment)
# VALUES (1,  1, 1, 100, null),
#        (2,  2, 1, 10, null),
#        (3,  3, 1, 1, null),
#        (4,  4, 1, 200, null),
#        (5,  5, 1, 300, null),
#        (6,  7, 2, 100, null),
#        (7,  8, 2, 10, null),
#        (8,  1, 2, 1, null),
#        (9,  2, 2, 200, null),
#        (10, 3, 2, 300, null);

# INSERT INTO inventory (id, warehouse_location_id, inventory_number,quantity, standard, product_id, warehouse_id)
# VALUES (1, 1, 0000000001, 30, null, 1, 1),
#        (2, 2, 0000000002, 40, null, 1, 1),
#        (3, 3, 0000000003, 70, null, 1, 6),
#        (4, 4, 0000000004, 60, null, 1, 7),
#        (5, 1, 0000000005, 90, null, 1, 8),
#        (6, 2, 0000000006, 80, null, 1, 9),
#        (7, 3, 0000000007, 70, null, 1, 10),
#        (8, 1, 0000000008, 10, null, 1, 11),
#        (9, 2, 0000000009, 500, null, 1, 12),
#        (10, 5, 0000000010, 240, null, 1, 13),
#        (11, 6, 0000000011, 310, null, 1, 14),
#        (12, 7, 0000000012, 200, null, 1, 15),
#        (13, 1, 0000000013, 150, null, 2, 1),
#        (14, 1, 0000000014, 220, null, 3, 1);
#
# INSERT INTO inventory_inspection (id, employee_id, warehouse_id, inspection_date, inspection_number, status, comment)
# values (1, 1, 1, '2024-09-12', 1, '미조정', '2024년 9월 정기 재고 실시'),
#        (2, 1, 1, '2024-08-12', 1, '미조정', '2024년 8월 정기 재고 실시'),
#        (3, 2, 1, '2024-07-12', 1, '미조정', '2024년 7월 정기 재고 실시'),
#        (4, 2, 1, '2024-10-12', 1, '미조정', '2024년 7월 정기 재고 실시'),
#        (5, 2, 1, '2024-10-03', 1, '미조정', '2024년 7월 정기 재고 실시'),
#        (6, 2, 1, '2024-10-04', 1, '미조정', '2024년 7월 정기 재고 실시'),
#        (7, 2, 1, '2024-10-07', 1, '미조정', '2024년 7월 정기 재고 실시');
#
# INSERT INTO inventory_inspection_detail (id, inventory_id, inventory_inspection_id, product_id, warehouse_location_id, product_code, product_name, actual_quantity, comment)
# VALUES
#     (1, 1, 1, 1, 1, 'B0001', '즉석밥', 250, '정확하게 확인됨'),
#     (2, 2, 1, 1, 2, 'B0001', '즉석밥', 50, '초과 재고 발견'),
#     (3, 3, 1, 1, 3, 'B0001', '즉석밥', 60, '수량 부족'),
#     (4, 4, 2, 1, 4, 'B0001', '즉석밥', 110, '재고 초과'),
#     (5, 5, 3, 1, 1, 'B0001', '즉석밥', 80, '정확하게 확인됨'),
#     (6, 6, 4, 1, 1, 'B0001', '즉석밥', 75, '재고 부족'),
#     (7, 7, 4, 1, 1, 'B0001', '즉석밥', 90, '정확하게 확인됨'),
#     (8, 8, 5, 1, 1, 'B0001', '즉석밥', 95, '초과 재고 확인됨'),
#     (9, 9, 6, 1, 1, 'B0001', '즉석밥', 85, '일치'),
#     (10, 10, 7, 1, 1, 'B0001', '즉석밥', 65, '부족 발생');
#
#
# INSERT INTO shipment (id, warehouse_id, employee_id, client_id, shipment_date, shipment_number, comment)
# values (1, 1, 1, 1, '2024-10-2', 1, null),
#        (2, 2, 2, 2, '2024-10-1', 1, null),
#        (3, 3, 3, 3, '2024-09-27', 1, null),
#        (4, 4, 4, 4, '2024-09-26', 1, null),
#        (5, 5, 5, 5, '2024-09-24', 1, null),
#        (6, 6, 1, 6, '2024-09-23', 1, null),
#        (7, 7, 2, 7, '2024-09-21', 1, null),
#        (8, 8, 3, 8, '2024-09-20', 1, null),
#        (9, 9, 4, 9, '2024-09-19', 1, null),
#        (10, 10, 5, 10, '2024-09-15', 1, null),
#        (11, 11, 1, 11, '2024-09-14', 1, null),
#        (12, 16, 1, 11, '2024-09-11', 1, null);
#
# INSERT INTO shipment_product (id, comment, product_code, product_name, quantity, standard, unit, product_id, shipment_id)
# values (1, null, 'B0001', '즉석밥', 100, null, null, 1, 1),
#        (2, null, 'B0002', '유기농 토마토', 100, null, null, 2, 1),
#        (3, null, 'B0003', '세탁세제', 100, null, null, 3, 1),
#        (4, null, 'B0001', '즉석밥', 100, null, null, 1, 2),
#        (5, null, 'B0002', '유기농 토마토', 100, null, null, 2, 2),
#        (6, null, 'B0003', '세탁세제', 100, null, null, 3, 2),
#        (7, null, 'B0001', '즉석밥', 100, null, null, 1, 3),
#        (8, null, 'B0002', '유기농 토마토', 100, null, null, 2, 3),
#        (9, null, 'B0003', '세탁세제', 100, null, null, 3, 3),
#        (10, null, 'B0001', '즉석밥', 100, null, null, 1, 4),
#        (11, null, 'B0002', '유기농 토마토', 100, null, null, 2, 4),
#        (12, null, 'B0003', '세탁세제', 100, null, null, 3, 4),
#        (13, null, 'B0001', '즉석밥', 100, null, null, 1, 5),
#        (14, null, 'B0002', '유기농 토마토', 100, null, null, 2, 5),
#        (15, null, 'B0003', '세탁세제', 100, null, null, 3, 5),
#        (16, null, 'B0001', '즉석밥', 100, null, null, 1, 6),
#        (17, null, 'B0002', '유기농 토마토', 100, null, null, 2, 6),
#        (18, null, 'B0003', '세탁세제', 100, null, null, 3, 6),
#        (19, null, 'B0001', '즉석밥', 100, null, null, 1, 7),
#        (20, null, 'B0002', '유기농 토마토', 100, null, null, 2, 7),
#        (21, null, 'B0003', '세탁세제', 100, null, null, 3, 7),
#        (22, null, 'B0001', '즉석밥', 100, null, null, 1, 8),
#        (23, null, 'B0002', '유기농 토마토', 100, null, null, 2, 8),
#        (24, null, 'B0003', '세탁세제', 100, null, null, 3, 8),
#        (25, null, 'B0001', '즉석밥', 100, null, null, 1, 9),
#        (26, null, 'B0002', '유기농 토마토', 100, null, null, 2, 9),
#        (27, null, 'B0003', '세탁세제', 100, null, null, 3, 9),
#        (28, null, 'B0001', '즉석밥', 100, null, null, 1, 10),
#        (29, null, 'B0002', '유기농 토마토', 100, null, null, 2, 10),
#        (30, null, 'B0003', '세탁세제', 100, null, null, 3, 10),
#        (31, null, 'B0001', '즉석밥', 100, null, null, 1, 11),
#        (32, null, 'B0002', '유기농 토마토', 100, null, null, 2, 11),
#        (33, null, 'B0003', '세탁세제', 100, null, null, 3, 11),
#        (34, null, 'B0001', '즉석밥', 100, null, null, 1, 12),
#        (35, null, 'B0002', '유기농 토마토', 100, null, null, 2, 12),
#        (36, null, 'B0003', '세탁세제', 100, null, null, 3, 12);